-- phpMyAdmin SQL Dump
-- version 4.3.11.1
-- http://www.phpmyadmin.net
--
-- Host: localhost
-- Generation Time: Mar 09, 2015 at 04:31 PM
-- Server version: 5.6.23
-- PHP Version: 5.5.14

SET SQL_MODE = "NO_AUTO_VALUE_ON_ZERO";
SET time_zone = "+00:00";


/*!40101 SET @OLD_CHARACTER_SET_CLIENT=@@CHARACTER_SET_CLIENT */;
/*!40101 SET @OLD_CHARACTER_SET_RESULTS=@@CHARACTER_SET_RESULTS */;
/*!40101 SET @OLD_COLLATION_CONNECTION=@@COLLATION_CONNECTION */;
/*!40101 SET NAMES utf8 */;

--
-- Database: `naga`
--

-- --------------------------------------------------------

--
-- Table structure for table `admin`
--

CREATE TABLE IF NOT EXISTS `admin` (
  `idadmin` int(11) NOT NULL,
  `name` varchar(200) COLLATE utf8_unicode_ci DEFAULT NULL,
  `email` varchar(250) COLLATE utf8_unicode_ci DEFAULT NULL,
  `password` varchar(500) COLLATE utf8_unicode_ci DEFAULT NULL,
  `salt` varchar(500) COLLATE utf8_unicode_ci DEFAULT NULL,
  `level` tinyint(1) DEFAULT '1',
  `status` tinyint(1) DEFAULT '1',
  `create_time` TIMESTAMP NOT NULL DEFAULT CURRENT_TIMESTAMP,
  `update_time` datetime DEFAULT NULL
) ENGINE=InnoDB DEFAULT CHARSET=utf8 COLLATE=utf8_unicode_ci;

-- --------------------------------------------------------

--
-- Table structure for table `area`
--

CREATE TABLE IF NOT EXISTS `area` (
  `idarea` int(11) NOT NULL,
  `name` varchar(100) COLLATE utf8_unicode_ci DEFAULT NULL,
  `name_en` varchar(100) COLLATE utf8_unicode_ci DEFAULT NULL,
  `create_time` TIMESTAMP NOT NULL DEFAULT CURRENT_TIMESTAMP,
  `update_time` datetime DEFAULT NULL,
  `city_idcity` int(11) NOT NULL
) ENGINE=InnoDB AUTO_INCREMENT=9 DEFAULT CHARSET=utf8 COLLATE=utf8_unicode_ci;

--
-- Dumping data for table `area`
--

INSERT INTO `area` (`idarea`, `name`, `name_en`, `create_time`, `update_time`, `city_idcity`) VALUES
(1, 'القربولي', 'Algarabulali', '2015-01-26 19:21:12', NULL, 1),
(2, 'تاجوراء', 'Tajoura', '2015-01-26 19:21:12', NULL, 1),
(3, 'سوق الجمعه', 'Soug Aljumaa', '2015-01-26 19:21:12', NULL, 1),
(4, 'طرابلس المركز', 'Tripoli Central', '2015-01-26 19:21:12', NULL, 1),
(5, 'حي الاندلس', 'Hay Al-Andalus', '2015-01-26 19:21:12', NULL, 1),
(6, 'جنزور', 'Janzour', '2015-01-26 19:21:12', NULL, 1),
(7, 'بوسليم', 'Bousleem', '2015-01-26 19:21:12', NULL, 1),
(8, 'عين زارة', 'Ain Zara', '2015-01-26 19:21:12', NULL, 1);

-- --------------------------------------------------------

--
-- Table structure for table `city`
--

CREATE TABLE IF NOT EXISTS `city` (
  `idcity` int(11) NOT NULL,
  `name` varchar(100) COLLATE utf8_unicode_ci DEFAULT NULL,
  `name_en` varchar(100) COLLATE utf8_unicode_ci DEFAULT NULL,
  `create_time` TIMESTAMP DEFAULT CURRENT_TIMESTAMP,
  `update_time` datetime DEFAULT NULL
) ENGINE=InnoDB AUTO_INCREMENT=2 DEFAULT CHARSET=utf8 COLLATE=utf8_unicode_ci;

--
-- Dumping data for table `city`
--

INSERT INTO `city` (`idcity`, `name`, `name_en`, `create_time`, `update_time`) VALUES
(1, 'طرابلس', 'Tripoli', '2015-01-26 19:13:56', NULL);

-- --------------------------------------------------------

--
-- Table structure for table `color`
--

CREATE TABLE IF NOT EXISTS `color` (
  `idcolor` int(11) NOT NULL,
  `name` varchar(100) COLLATE utf8_unicode_ci DEFAULT NULL,
  `name_en` varchar(100) COLLATE utf8_unicode_ci DEFAULT NULL,
  `status` tinyint(1) DEFAULT '1',
  `create_time` TIMESTAMP NOT NULL DEFAULT CURRENT_TIMESTAMP,
  `update_time` datetime DEFAULT NULL
) ENGINE=InnoDB DEFAULT CHARSET=utf8 COLLATE=utf8_unicode_ci;

-- --------------------------------------------------------

--
-- Table structure for table `company`
--

CREATE TABLE IF NOT EXISTS `company` (
  `idcompany` int(11) NOT NULL,
  `name` varchar(200) COLLATE utf8_unicode_ci DEFAULT NULL,
  `logo` varchar(500) COLLATE utf8_unicode_ci DEFAULT NULL,
  `level` tinyint(1) DEFAULT '1',
  `status` tinyint(1) DEFAULT '1',
  `create_time` TIMESTAMP NOT NULL DEFAULT CURRENT_TIMESTAMP,
  `update_time` datetime DEFAULT NULL,
  `admin_idadmin` int(11) NOT NULL,
  `tob_idtob` int(11) NOT NULL
) ENGINE=InnoDB DEFAULT CHARSET=utf8 COLLATE=utf8_unicode_ci;

-- --------------------------------------------------------

--
-- Table structure for table `company_address`
--

CREATE TABLE IF NOT EXISTS `company_address` (
  `idcompany_address` int(11) NOT NULL,
  `latit` varchar(100) COLLATE utf8_unicode_ci DEFAULT NULL,
  `longit` varchar(100) COLLATE utf8_unicode_ci DEFAULT NULL,
  `default` tinyint(1) DEFAULT '1' COMMENT '1 means this is the default address for delivery\n',
  `status` tinyint(1) DEFAULT '1',
  `create_time` TIMESTAMP NOT NULL DEFAULT CURRENT_TIMESTAMP,
  `update_time` datetime DEFAULT NULL,
  `company_idcompany` int(11) NOT NULL,
  `school_idschool` int(11) NOT NULL
) ENGINE=InnoDB DEFAULT CHARSET=utf8 COLLATE=utf8_unicode_ci;

-- --------------------------------------------------------

--
-- Table structure for table `company_seller`
--

CREATE TABLE IF NOT EXISTS `company_seller` (
  `idcompany_seller` int(11) NOT NULL,
  `first_name` varchar(100) COLLATE utf8_unicode_ci DEFAULT NULL,
  `last_name` varchar(100) COLLATE utf8_unicode_ci DEFAULT NULL,
  `email` varchar(250) COLLATE utf8_unicode_ci DEFAULT NULL,
  `password` varchar(500) COLLATE utf8_unicode_ci DEFAULT NULL,
  `salt` varchar(500) COLLATE utf8_unicode_ci DEFAULT NULL,
  `level` tinyint(1) DEFAULT '1',
  `status` tinyint(1) DEFAULT '1',
  `create_time` TIMESTAMP NOT NULL DEFAULT CURRENT_TIMESTAMP,
  `update_time` datetime DEFAULT NULL,
  `company_idcompany` int(11) NOT NULL
) ENGINE=InnoDB DEFAULT CHARSET=utf8 COLLATE=utf8_unicode_ci;

-- --------------------------------------------------------

--
-- Table structure for table `customer`
--

CREATE TABLE IF NOT EXISTS `customer` (
  `idcustomer` int(11) NOT NULL,
  `first_name` varchar(100) COLLATE utf8_unicode_ci DEFAULT NULL,
  `last_name` varchar(100) COLLATE utf8_unicode_ci DEFAULT NULL,
  `email` varchar(250) COLLATE utf8_unicode_ci DEFAULT NULL,
  `password` varchar(500) COLLATE utf8_unicode_ci DEFAULT NULL,
  `salt` varchar(500) COLLATE utf8_unicode_ci DEFAULT NULL,
  `level` tinyint(1) DEFAULT '1',
  `status` tinyint(1) DEFAULT '1',
  `create_time` TIMESTAMP NOT NULL DEFAULT CURRENT_TIMESTAMP,
  `update_time` datetime DEFAULT NULL
) ENGINE=InnoDB DEFAULT CHARSET=utf8 COLLATE=utf8_unicode_ci;

-- --------------------------------------------------------

--
-- Table structure for table `customer_address`
--

CREATE TABLE IF NOT EXISTS `customer_address` (
  `idcustomer_address` int(11) NOT NULL,
  `latit` varchar(100) COLLATE utf8_unicode_ci DEFAULT NULL,
  `longit` varchar(100) COLLATE utf8_unicode_ci DEFAULT NULL,
  `default` tinyint(1) DEFAULT '1' COMMENT '1 means this is the default address for delivery\n',
  `status` tinyint(1) DEFAULT '1',
  `create_time` TIMESTAMP NOT NULL DEFAULT CURRENT_TIMESTAMP,
  `update_time` datetime DEFAULT NULL,
  `customer_idcustomer` int(11) NOT NULL,
  `school_idschool` int(11) NOT NULL
) ENGINE=InnoDB DEFAULT CHARSET=utf8 COLLATE=utf8_unicode_ci;

-- --------------------------------------------------------

--
-- Table structure for table `genre`
--

CREATE TABLE IF NOT EXISTS `genre` (
  `idgenre` int(11) NOT NULL,
  `name` varchar(150) COLLATE utf8_unicode_ci DEFAULT NULL,
  `name_en` varchar(150) COLLATE utf8_unicode_ci DEFAULT NULL,
  `status` tinyint(1) DEFAULT '1',
  `create_time` TIMESTAMP NOT NULL DEFAULT CURRENT_TIMESTAMP,
  `update_time` datetime DEFAULT NULL,
  `tob_idtob` int(11) NOT NULL
) ENGINE=InnoDB DEFAULT CHARSET=utf8 COLLATE=utf8_unicode_ci;

-- --------------------------------------------------------

--
-- Table structure for table `item`
--

CREATE TABLE IF NOT EXISTS `item` (
  `iditem` bigint(11) NOT NULL,
  `name` varchar(500) COLLATE utf8_unicode_ci NOT NULL,
  `name_en` varchar(500) COLLATE utf8_unicode_ci DEFAULT NULL,
  `status` tinyint(1) DEFAULT '1',
  `create_time` TIMESTAMP NOT NULL DEFAULT CURRENT_TIMESTAMP,
  `update_time` datetime DEFAULT NULL,
  `color_idcolor` int(11) NOT NULL,
  `company_seller_idcompany_seller` int(11) NOT NULL,
  `company_seller_company_idcompany` int(11) NOT NULL
) ENGINE=InnoDB DEFAULT CHARSET=utf8 COLLATE=utf8_unicode_ci;

-- --------------------------------------------------------

--
-- Table structure for table `item_has_size`
--

CREATE TABLE IF NOT EXISTS `item_has_size` (
  `item_iditem` bigint(11) NOT NULL,
  `size_idsize` int(11) NOT NULL,
  `size_measure_idmeasure` int(11) NOT NULL
) ENGINE=InnoDB DEFAULT CHARSET=utf8 COLLATE=utf8_unicode_ci;

-- --------------------------------------------------------

--
-- Table structure for table `mahalla`
--

CREATE TABLE IF NOT EXISTS `mahalla` (
  `idmahalla` int(11) NOT NULL,
  `name` varchar(100) COLLATE utf8_unicode_ci DEFAULT NULL,
  `name_en` varchar(100) COLLATE utf8_unicode_ci DEFAULT NULL,
  `create_time` TIMESTAMP NOT NULL DEFAULT CURRENT_TIMESTAMP,
  `update_time` datetime DEFAULT NULL,
  `area_idarea` int(11) NOT NULL,
  `link` int(11) NOT NULL
) ENGINE=InnoDB AUTO_INCREMENT=69 DEFAULT CHARSET=utf8 COLLATE=utf8_unicode_ci;

--
-- Dumping data for table `mahalla`
--

INSERT INTO `mahalla` (`idmahalla`, `name`, `name_en`, `create_time`, `update_time`, `area_idarea`, `link`) VALUES
(7, 'الوادي الشرقي', NULL, '2015-01-27 19:21:19', NULL, 2, 186),
(8, 'بئر الأسطي ميلاد', NULL, '2015-01-27 19:21:19', NULL, 2, 187),
(9, 'بئر العالم', NULL, '2015-01-27 19:21:19', NULL, 2, 188),
(10, 'عين زاره', NULL, '2015-01-27 19:21:19', NULL, 8, 189),
(11, 'باب السلام (عكارة)', NULL, '2015-01-27 19:21:19', NULL, 7, 190),
(12, 'الكراوة', NULL, '2015-01-27 19:21:19', NULL, 1, 192),
(13, 'الشرقية و القربوللي', NULL, '2015-01-27 19:21:19', NULL, 1, 193),
(14, 'الرواجح', NULL, '2015-01-27 19:21:19', NULL, 1, 194),
(15, 'العطايا', NULL, '2015-01-27 19:21:19', NULL, 1, 195),
(16, 'القويعة', NULL, '2015-01-27 19:21:19', NULL, 1, 196),
(17, 'الخوالق', NULL, '2015-01-27 19:21:19', NULL, 1, 197),
(18, 'عمر بن العاص', NULL, '2015-01-27 19:21:19', NULL, 3, 198),
(19, 'شهداء الهاني', NULL, '2015-01-27 19:21:19', NULL, 3, 199),
(20, 'الحارت', NULL, '2015-01-27 19:21:19', NULL, 3, 200),
(21, 'عرادة', NULL, '2015-01-27 19:21:19', NULL, 3, 201),
(22, 'الفتح', NULL, '2015-01-27 19:21:19', NULL, 3, 202),
(23, 'الجلاء', NULL, '2015-01-27 19:21:19', NULL, 3, 203),
(24, 'عقبة بن نافع', NULL, '2015-01-27 19:21:19', NULL, 3, 204),
(25, 'النصر', NULL, '2015-01-27 19:21:19', NULL, 3, 205),
(26, 'الساحل', NULL, '2015-01-27 19:21:19', NULL, 3, 206),
(27, 'الجهاد', NULL, '2015-01-27 19:21:19', NULL, 3, 207),
(28, 'قوز زناتة', NULL, '2015-01-27 19:21:19', NULL, 3, 208),
(29, 'الحشان', NULL, '2015-01-27 19:21:19', NULL, 3, 209),
(30, 'سيدي ابو غرارة', NULL, '2015-01-27 19:21:19', NULL, 3, 210),
(31, 'سوق الجمعة', NULL, '2015-01-27 19:21:19', NULL, 3, 212),
(32, 'الحميدية', NULL, '2015-01-27 19:21:19', NULL, 2, 213),
(33, 'المشاي', NULL, '2015-01-27 19:21:19', NULL, 2, 214),
(34, 'الحرية', NULL, '2015-01-27 19:21:19', NULL, 2, 215),
(35, 'البرهانية', NULL, '2015-01-27 19:21:19', NULL, 2, 216),
(36, 'أبي الأشهر', NULL, '2015-01-27 19:21:19', NULL, 2, 217),
(37, 'الوادي الغربي', NULL, '2015-01-27 19:21:19', NULL, 2, 218),
(38, 'ابو سليم الجنوبي', NULL, '2015-01-27 19:21:19', NULL, 7, 219),
(39, 'المدينة القديمة', NULL, '2015-01-27 19:21:19', NULL, 4, 220),
(40, 'المسيرة الكبرى', NULL, '2015-01-27 19:21:19', NULL, 4, 221),
(41, 'شهداء الشط', NULL, '2015-01-27 19:21:19', NULL, 4, 222),
(42, 'فشلوم', NULL, '2015-01-27 19:21:19', NULL, 4, 223),
(43, 'المنشية', NULL, '2015-01-27 19:21:19', NULL, 4, 224),
(44, 'المنصورة', NULL, '2015-01-27 19:21:19', NULL, 4, 225),
(45, 'الحي الصناعي', NULL, '2015-01-27 19:21:19', NULL, 4, 226),
(46, 'ميدان الشهداء', NULL, '2015-01-27 19:21:19', NULL, 4, 227),
(47, 'شارع الزاوية', NULL, '2015-01-27 19:21:19', NULL, 4, 228),
(48, 'شهداء بو مليانة', NULL, '2015-01-27 19:21:19', NULL, 4, 229),
(49, 'قرقارش', NULL, '2015-01-27 19:21:19', NULL, 5, 230),
(50, 'حي 12 مارس', NULL, '2015-01-27 19:21:19', NULL, 7, 231),
(51, 'شارع الزاوية', NULL, '2015-01-27 19:21:19', NULL, 7, 232),
(52, 'باب بن غشير', NULL, '2015-01-27 19:21:19', NULL, 7, 233),
(53, 'الظهرة', NULL, '2015-01-27 19:21:19', NULL, 4, 235),
(54, 'غوط الشعال', NULL, '2015-01-27 19:21:19', NULL, 5, 236),
(55, 'الحي الصناعي', NULL, '2015-01-27 19:21:19', NULL, 5, 237),
(56, 'جنزور السوق', NULL, '2015-01-27 19:21:19', NULL, 6, 238),
(57, 'الشارع الغربي', NULL, '2015-01-27 19:21:19', NULL, 5, 239),
(58, 'جنزور الشرقية', NULL, '2015-01-27 19:21:19', NULL, 6, 254),
(59, 'الحشان', NULL, '2015-01-27 19:21:19', NULL, 6, 255),
(60, 'صياد', NULL, '2015-01-27 19:21:19', NULL, 6, 256),
(61, 'سيدي عبد اللطيف', NULL, '2015-01-27 19:21:19', NULL, 6, 257),
(62, 'جنزور الوسط', NULL, '2015-01-27 19:21:19', NULL, 6, 258),
(63, 'النجيلة', NULL, '2015-01-27 19:21:19', NULL, 6, 259),
(64, 'السراج', NULL, '2015-01-27 19:21:19', NULL, 6, 260),
(65, 'الفرناج', NULL, '2015-01-27 19:21:19', NULL, 8, 261),
(66, 'باب بن غشير', NULL, '2015-02-24 21:04:10', NULL, 7, 234),
(68, 'المجد', NULL, '2015-02-24 21:05:34', NULL, 3, 211);

-- --------------------------------------------------------

--
-- Table structure for table `measure`
--

CREATE TABLE IF NOT EXISTS `measure` (
  `idmeasure` int(11) NOT NULL,
  `name_en` varchar(100) COLLATE utf8_unicode_ci DEFAULT NULL,
  `name` varchar(100) COLLATE utf8_unicode_ci DEFAULT NULL,
  `status` tinyint(1) DEFAULT '1',
  `create_time` TIMESTAMP NOT NULL DEFAULT CURRENT_TIMESTAMP,
  `update_time` datetime DEFAULT NULL
) ENGINE=InnoDB DEFAULT CHARSET=utf8 COLLATE=utf8_unicode_ci;

-- --------------------------------------------------------

--
-- Table structure for table `school`
--

CREATE TABLE IF NOT EXISTS `school` (
  `idschool` int(11) NOT NULL,
  `name` varchar(100) COLLATE utf8_unicode_ci DEFAULT NULL,
  `name_en` varchar(100) COLLATE utf8_unicode_ci DEFAULT NULL,
  `latit` varchar(100) COLLATE utf8_unicode_ci DEFAULT NULL,
  `longit` varchar(100) COLLATE utf8_unicode_ci DEFAULT NULL,
  `create_time` TIMESTAMP NOT NULL DEFAULT CURRENT_TIMESTAMP,
  `update_time` datetime DEFAULT NULL,
  `mahalla_idmahalla` int(11) NOT NULL
) ENGINE=InnoDB AUTO_INCREMENT=273 DEFAULT CHARSET=utf8 COLLATE=utf8_unicode_ci;

--
-- Dumping data for table `school`
--

INSERT INTO `school` (`idschool`, `name`, `name_en`, `latit`, `longit`, `create_time`, `update_time`, `mahalla_idmahalla`) VALUES
(1, 'القربولي الثانوية', NULL, '13.72231500', '32.74734500', '2015-02-24 19:39:07', NULL, 12),
(2, 'ليبيا الغد', NULL, '13.70970300', '32.74416200', '2015-02-24 19:39:07', NULL, 12),
(3, 'عمر بن الخطاب', NULL, '13.79911100', '32.75175300', '2015-02-24 19:39:07', NULL, 12),
(4, 'الخلاص', NULL, '13.77997200', '32.70231400', '2015-02-24 19:39:07', NULL, 13),
(5, 'شهداء الامة', NULL, '13.76044800', '32.68097100', '2015-02-24 19:39:07', NULL, 13),
(6, 'الفرات', NULL, '13.64230600', '32.70970500', '2015-02-24 19:39:07', NULL, 14),
(7, 'الامل', NULL, '13.61794100', '32.65270900', '2015-02-24 19:39:07', NULL, 14),
(8, 'عمر المختار', NULL, '13.60964100', '32.73656200', '2015-02-24 19:39:07', NULL, 15),
(9, 'العطايا الشرقية', NULL, '13.67736200', '32.73485800', '2015-02-24 19:39:07', NULL, 15),
(10, 'القويعة الثانوية', NULL, '13.60840500', '32.70871800', '2015-02-24 19:39:07', NULL, 16),
(11, 'الزياينة', NULL, '13.57102800', '32.69155500', '2015-02-24 19:39:07', NULL, 16),
(12, 'الشهيد الضاوي الخوالق الشمالية', NULL, '13.58071300', '32.61723300', '2015-02-24 19:39:07', NULL, 17),
(13, 'عمرو بن العاص', NULL, '13.23842500', '32.89331400', '2015-02-24 19:39:07', NULL, 18),
(14, 'احمد كاره', NULL, '13.24116200', '32.89502700', '2015-02-24 19:39:07', NULL, 18),
(15, 'أم المؤمنين', NULL, '13.24075300', '32.89079500', '2015-02-24 19:39:07', NULL, 18),
(16, 'سوق الجمعة الثانوية', NULL, '13.23827400', '32.88806300', '2015-02-24 19:39:07', NULL, 18),
(17, 'شهداء الهاني', NULL, '13.21953200', '32.88224700', '2015-02-24 19:39:07', NULL, 19),
(18, 'الجولان', NULL, '13.22436100', '32.87947100', '2015-02-24 19:39:07', NULL, 19),
(19, 'النجاح', NULL, '13.22405400', '32.87833700', '2015-02-24 19:39:07', NULL, 19),
(20, 'ثورة الحجارة', NULL, '13.22492600', '32.87955500', '2015-02-24 19:39:07', NULL, 19),
(21, 'البناء', NULL, '13.25393600', '32.87032600', '2015-02-24 19:39:07', NULL, 20),
(22, 'الصديق كشون', NULL, '13.28030600', '32.87125400', '2015-02-24 19:39:07', NULL, 20),
(23, 'رسل الحضارة', NULL, '13.25029300', '32.87478100', '2015-02-24 19:39:07', NULL, 20),
(24, 'عبد الله بن مسعود', NULL, '13.28698100', '32.88072900', '2015-02-24 19:39:07', NULL, 21),
(25, 'ثورة الحق', NULL, '13.27423700', '32.87546500', '2015-02-24 19:39:07', NULL, 22),
(26, 'ليبيا الجديدة', NULL, '13.28101900', '32.87804200', '2015-02-24 19:39:07', NULL, 21),
(27, 'خليفة الحجاجي', NULL, '13.25499200', '32.90503700', '2015-02-24 19:39:07', NULL, 23),
(28, 'فلسطين', NULL, '13.26411800', '32.90321900', '2015-02-24 19:39:07', NULL, 23),
(29, 'المنصورة', NULL, '13.24999300', '32.89328200', '2015-02-24 19:39:07', NULL, 24),
(30, 'حليمة الساعدية', NULL, '13.27033600', '32.89073500', '2015-02-24 19:39:07', NULL, 24),
(31, 'عبد الله الجطيلي', NULL, '13.25392700', '32.88934100', '2015-02-24 19:39:07', NULL, 24),
(32, 'حطين', NULL, '13.28326200', '32.88674500', '2015-02-24 19:39:07', NULL, 25),
(33, 'الأنصار', NULL, '13.27291200', '32.88691100', '2015-02-24 19:39:07', NULL, 25),
(34, 'بشير الاسطى', NULL, '13.23341500', '32.90212100', '2015-02-24 19:39:07', NULL, 26),
(35, 'شهداء الشط', NULL, '13.23839800', '32.90322600', '2015-02-24 19:39:07', NULL, 26),
(36, 'الجهاد', NULL, '13.22599800', '32.89488200', '2015-02-24 19:39:07', NULL, 26),
(37, 'الساحل', NULL, '13.24995100', '32.90461200', '2015-02-24 19:39:07', NULL, 26),
(38, 'العروبة', NULL, '13.23070500', '32.88698800', '2015-02-24 19:39:07', NULL, 27),
(39, 'باب تاجوراء', NULL, '13.22453800', '32.89194700', '2015-02-24 19:39:07', NULL, 27),
(40, 'ثورة التحدي', NULL, '13.22938700', '32.88678100', '2015-02-24 19:39:07', NULL, 27),
(41, '24ديسمبر', NULL, '13.23069600', '32.88612800', '2015-02-24 19:39:07', NULL, 27),
(42, 'علي الجزيري', NULL, '13.22431300', '32.86754100', '2015-02-24 19:39:07', NULL, 28),
(43, 'أسماء بنت أبي بكر', NULL, '13.22732100', '32.87142100', '2015-02-24 19:39:07', NULL, 28),
(44, 'جيل الثورة الجديد', NULL, '13.21465400', '32.86996900', '2015-02-24 19:39:07', NULL, 28),
(45, 'بلال ابن رباح', NULL, '13.20577100', '32.86823300', '2015-02-24 19:39:07', NULL, 28),
(46, 'جيل الوحدة', NULL, '13.22496600', '32.86818200', '2015-02-24 19:39:07', NULL, 28),
(47, 'أم القرى', NULL, '13.23788100', '32.87081900', '2015-02-24 19:39:07', NULL, 29),
(48, 'سعدون السويحلي', NULL, '13.23301700', '32.87508400', '2015-02-24 19:39:07', NULL, 29),
(49, 'الربيع', NULL, '13.23846900', '32.85993300', '2015-02-24 19:39:07', NULL, 29),
(50, 'جامع التركي', NULL, '13.24516600', '32.87543100', '2015-02-24 19:39:07', NULL, 29),
(51, 'الأحرار', NULL, '13.23130700', '32.87998500', '2015-02-24 19:39:07', NULL, 29),
(52, 'محمد البلوق', NULL, '13.27202900', '32.86547900', '2015-02-24 19:39:07', NULL, 30),
(53, 'أسد بن الفرات', NULL, '13.26269400', '32.87825700', '2015-02-24 19:39:07', NULL, 30),
(54, 'الفتح', NULL, '13.25960400', '32.86211900', '2015-02-24 19:39:07', NULL, 30),
(55, 'سيدي بو غرارة', NULL, '13.26170100', '32.87881100', '2015-02-24 19:39:07', NULL, 30),
(56, 'النعيم', NULL, '13.25971200', '32.87786600', '2015-02-24 19:39:07', NULL, 30),
(57, 'العرب', NULL, '13.29116800', '32.87009700', '2015-02-24 19:39:07', NULL, 22),
(58, 'طلائع الفتح', NULL, '13.30243400', '32.87842100', '2015-02-24 19:39:07', NULL, 22),
(59, 'الإنطلاق', NULL, '13.29198400', '32.88038600', '2015-02-24 19:39:07', NULL, 22),
(60, 'الوطن العربي', NULL, '13.24729900', '32.85621900', '2015-02-24 19:39:07', NULL, 68),
(61, 'المجد الثانوية للبنات', NULL, '13.24869500', '32.85714100', '2015-02-24 19:39:07', NULL, 68),
(62, 'المجد للتعليم الأساسي', NULL, '13.24725500', '32.85677300', '2015-02-24 19:39:07', NULL, 68),
(63, 'الثورة العربية', NULL, '13.25077100', '32.87431300', '2015-02-24 19:39:07', NULL, 31),
(64, 'علي النفاتي', NULL, '13.39380800', '32.88048900', '2015-02-24 19:39:07', NULL, 32),
(65, 'أم البنين', NULL, '13.37656600', '32.88250600', '2015-02-24 19:39:07', NULL, 32),
(66, 'النصر', NULL, '13.39159500', '32.85135900', '2015-02-24 19:39:07', NULL, 32),
(67, 'حي التضامن', NULL, '13.40108400', '32.87457100', '2015-02-24 19:39:07', NULL, 32),
(68, 'الكرامة', NULL, '13.36744100', '32.88576400', '2015-02-24 19:39:07', NULL, 32),
(69, 'شهداء الانتفاضة', NULL, '13.36139600', '32.88751100', '2015-02-24 19:39:07', NULL, 33),
(70, 'تاجوراء الشعبية', NULL, '13.35750100', '32.88165100', '2015-02-24 19:39:07', NULL, 33),
(71, 'تاجوراء المركزية', NULL, '13.34853900', '32.87703900', '2015-02-24 19:39:07', NULL, 33),
(72, 'الشعلة', NULL, '13.35068500', '32.88652600', '2015-02-24 19:39:07', NULL, 33),
(73, '17فبراير', NULL, '13.34997500', '32.88803500', '2015-02-24 19:39:07', NULL, 33),
(74, 'وجدة', NULL, '13.34808100', '32.88799200', '2015-02-24 19:39:07', NULL, 34),
(75, 'منارة ابو راوي', NULL, '13.34026900', '32.88214700', '2015-02-24 19:39:07', NULL, 34),
(76, 'الحطاب', NULL, '13.34576100', '32.88233600', '2015-02-24 19:39:07', NULL, 34),
(77, 'الصامت', NULL, '13.33793200', '32.87608200', '2015-02-24 19:39:07', NULL, 35),
(78, 'الرسالة', NULL, '13.33403900', '32.89015100', '2015-02-24 19:39:07', NULL, 35),
(79, 'ابي الأشهر', NULL, '13.31281200', '32.88823600', '2015-02-24 19:39:07', NULL, 36),
(80, 'شهداء الحرية', NULL, '13.32128500', '32.88176600', '2015-02-24 19:39:07', NULL, 36),
(81, 'عقبة بن نافع', NULL, '13.30228200', '32.89848200', '2015-02-24 19:39:07', NULL, 36),
(82, 'الخالدون', NULL, '13.30772600', '32.88034200', '2015-02-24 19:39:07', NULL, 36),
(83, 'ابي فراس الحمداني', NULL, '13.47534100', '32.70647800', '2015-02-24 19:39:07', NULL, 37),
(84, 'النعم المركزية', NULL, '13.39508100', '32.66573700', '2015-02-24 19:39:07', NULL, 37),
(85, 'ابن سيناء', NULL, '13.32873500', '32.73291500', '2015-02-24 19:39:07', NULL, 37),
(86, 'النشيع', NULL, '13.50226700', '32.78993600', '2015-02-24 19:39:07', NULL, 7),
(87, 'البساتين', NULL, '13.47671800', '32.80630100', '2015-02-24 19:39:07', NULL, 7),
(88, 'القلعة', NULL, '13.36044600', '32.86954400', '2015-02-24 19:39:07', NULL, 7),
(89, 'القادسية', NULL, '13.32450400', '32.85424300', '2015-02-24 19:39:07', NULL, 8),
(90, 'الصابرين', NULL, '13.35230900', '32.82944800', '2015-02-24 19:39:07', NULL, 8),
(91, 'عمر المختار', NULL, '13.44075400', '32.79375700', '2015-02-24 19:39:07', NULL, 9),
(92, 'شهداء تاجوراء', NULL, '13.53458600', '32.76969100', '2015-02-24 19:39:07', NULL, 9),
(93, 'شهداء ليبيا', NULL, '13.28551100', '32.78468100', '2015-02-24 19:39:07', NULL, 10),
(94, 'خالد بن الوليد', NULL, '13.28253900', '32.80210400', '2015-02-24 19:39:07', NULL, 10),
(95, 'عين زارة', NULL, '13.26412900', '32.81849400', '2015-02-24 19:39:07', NULL, 10),
(96, 'شهداء عين زارة', NULL, '13.23402400', '32.81854700', '2015-02-24 19:39:07', NULL, 10),
(97, 'علي بن ابي طالب', NULL, '13.22271200', '32.81286100', '2015-02-24 19:39:07', NULL, 10),
(98, 'الوفاق', NULL, '13.23652700', '32.83200500', '2015-02-24 19:39:07', NULL, 10),
(99, 'الزهور', NULL, '13.25302700', '32.83174600', '2015-02-24 19:39:07', NULL, 10),
(100, 'راية الإسلام', NULL, '13.25868900', '32.84637400', '2015-02-24 19:39:07', NULL, 10),
(101, 'أحفاد المختار', NULL, '13.26765600', '32.85549900', '2015-02-24 19:39:07', NULL, 10),
(102, 'الناصر صلاح الدين', NULL, '13.29352100', '32.85453500', '2015-02-24 19:39:07', NULL, 10),
(103, 'نسور عين زارة', NULL, '13.30379900', '32.84163400', '2015-02-24 19:39:07', NULL, 10),
(104, 'عبد المنعم رياض', NULL, '13.31458700', '32.83791300', '2015-02-24 19:39:07', NULL, 10),
(105, 'الفردوس', NULL, '13.29522600', '32.82576800', '2015-02-24 19:39:07', NULL, 10),
(106, 'الخليل', NULL, '13.24257600', '32.83928200', '2015-02-24 19:39:07', NULL, 10),
(107, 'الرازي للتعليم الثانوي', NULL, '13.20929900', '32.86250700', '2015-02-24 19:39:07', NULL, 10),
(108, 'ليبيا المجد', NULL, '13.21360600', '32.85595300', '2015-02-24 19:39:07', NULL, 10),
(109, 'ابن جبير', NULL, '13.20436100', '32.85021400', '2015-02-24 19:39:07', NULL, 10),
(110, 'الإخلاص', NULL, '13.21111100', '32.84562900', '2015-02-24 19:39:07', NULL, 10),
(111, 'رجب النائب', NULL, '13.21561600', '32.84119700', '2015-02-24 19:39:07', NULL, 10),
(112, 'الإنتصار', NULL, '13.16041600', '32.85485100', '2015-02-24 19:39:07', NULL, 11),
(113, 'تاقرفت', NULL, '13.15788900', '32.85494700', '2015-02-24 19:39:07', NULL, 11),
(114, 'أحرار ليبيا', NULL, '13.17141300', '32.86520100', '2015-02-24 19:39:07', NULL, 11),
(115, 'شهداء الانتصار', NULL, '13.16690100', '32.86012900', '2015-02-24 19:39:07', NULL, 11),
(116, 'الحرة', NULL, '13.15961700', '32.85509100', '2015-02-24 19:39:07', NULL, 11),
(117, 'معركة بدر', NULL, '13.16828700', '32.86455300', '2015-02-24 19:39:07', NULL, 11),
(118, 'عمر بن الخطاب', NULL, '13.16746100', '32.86513200', '2015-02-24 19:39:07', NULL, 11),
(119, 'جيل الوحدة', NULL, '13.15640700', '32.84156100', '2015-02-24 19:39:07', NULL, 38),
(120, 'التقدم', NULL, '13.13014700', '32.80027800', '2015-02-24 19:39:07', NULL, 38),
(121, 'ابو بكر الصديق', NULL, '13.12293900', '32.81260800', '2015-02-24 19:39:07', NULL, 38),
(122, 'أبي سليم', NULL, '13.14240900', '32.79372400', '2015-02-24 19:39:07', NULL, 38),
(123, 'عين شمس', NULL, '13.16429400', '32.79422700', '2015-02-24 19:39:07', NULL, 38),
(124, 'أزهار الربيع', NULL, '13.16658800', '32.81195400', '2015-02-24 19:39:07', NULL, 38),
(125, 'الحسين', NULL, '13.19064500', '32.79656300', '2015-02-24 19:39:07', NULL, 38),
(126, 'الفداء', NULL, '13.19757500', '32.83912600', '2015-02-24 19:39:07', NULL, 38),
(127, 'راية الاستقلال', NULL, '13.17238500', '32.83860500', '2015-02-24 19:39:07', NULL, 38),
(128, 'الخلود', NULL, '13.15581900', '32.84091600', '2015-02-24 19:39:07', NULL, 38),
(129, 'الحرية الثانوية', NULL, '13.14177800', '32.79351100', '2015-02-24 19:39:07', NULL, 38),
(130, 'قتيبة بن مسلم', NULL, '13.17491200', '32.81261100', '2015-02-24 19:39:07', NULL, 38),
(131, 'المشروع الزراعي', NULL, '13.16841300', '32.81656600', '2015-02-24 19:39:07', NULL, 38),
(132, 'السيدة عائشة', NULL, '13.19867100', '32.83873400', '2015-02-24 19:39:07', NULL, 38),
(133, 'أوفياء 17 فبراير', NULL, '13.22206100', '32.80467500', '2015-02-24 19:39:07', NULL, 38),
(134, 'الإشراقة', NULL, '13.16394100', '32.84731600', '2015-02-24 19:39:07', NULL, 50),
(135, 'السيدة زينب', NULL, '13.18378400', '32.85109100', '2015-02-24 19:39:07', NULL, 50),
(136, 'التحرير', NULL, '13.17125500', '32.84901300', '2015-02-24 19:39:07', NULL, 50),
(137, 'النجم الساطع', NULL, '13.19527100', '32.85735400', '2015-02-24 19:39:07', NULL, 50),
(138, 'ثانوية حي دمشق', NULL, '13.19798400', '32.85041500', '2015-02-24 19:39:07', NULL, 50),
(139, 'الهضبة الثانوية', NULL, '13.18150700', '32.84276400', '2015-02-24 19:39:07', NULL, 50),
(140, 'السلام', NULL, '13.18173300', '32.84617600', '2015-02-24 19:39:07', NULL, 50),
(141, 'الإنتفاضة', NULL, '13.17637900', '32.86462100', '2015-02-24 19:39:07', NULL, 50),
(142, 'ليبيا الحرة', NULL, '13.17813200', '32.85449300', '2015-02-24 19:39:07', NULL, 50),
(143, 'غزة', NULL, '13.18600400', '32.85412700', '2015-02-24 19:39:07', NULL, 50),
(144, 'عين جالوت', NULL, '13.18145278', '32.84386667', '2015-02-24 19:39:07', NULL, 50),
(145, 'علي النجار', NULL, '13.18992500', '32.87061800', '2015-02-24 19:39:07', NULL, 51),
(146, 'الجيل الثائر', NULL, '13.20236200', '32.86698300', '2015-02-24 19:39:07', NULL, 52),
(147, 'ميمونة بنت الحارث', NULL, '13.20180100', '32.86533200', '2015-02-24 19:39:07', NULL, 66),
(148, 'براعم المستقبل', NULL, '13.19253800', '32.86614500', '2015-02-24 19:39:07', NULL, 66),
(149, 'الشعلة', NULL, '13.19012700', '32.89097800', '2015-02-24 19:39:07', NULL, 53),
(150, 'الكوت', NULL, '13.19579300', '32.88792700', '2015-02-24 19:39:07', NULL, 53),
(151, 'الظهرة الإبتدائية', NULL, '13.19444400', '32.89096300', '2015-02-24 19:39:07', NULL, 53),
(152, 'أحمد قنابة', NULL, '13.17590800', '32.89406400', '2015-02-24 19:39:07', NULL, 39),
(153, 'الخنساء', NULL, '13.17573800', '32.89935200', '2015-02-24 19:39:07', NULL, 39),
(154, 'الحرية', NULL, '13.17622800', '32.89418900', '2015-02-24 19:39:07', NULL, 39),
(155, 'ابومنجل', NULL, '13.17244300', '32.88747100', '2015-02-24 19:39:07', NULL, 40),
(156, 'سكينة بن الحسين', NULL, '13.17556500', '32.89133400', '2015-02-24 19:39:07', NULL, 40),
(157, 'طرابلس المركزية للتعليم الأساسي', NULL, '13.17445800', '32.89029400', '2015-02-24 19:39:07', NULL, 40),
(158, 'النصر الثانوية', NULL, '13.17180700', '32.88483900', '2015-02-24 19:39:07', NULL, 40),
(159, 'علي سيالة', NULL, '13.20225400', '32.89125700', '2015-02-24 19:39:07', NULL, 41),
(160, 'ام الثوار', NULL, '13.21326500', '32.89609900', '2015-02-24 19:39:07', NULL, 41),
(161, '20 أغسطس', NULL, '13.20092300', '32.89242900', '2015-02-24 19:39:07', NULL, 41),
(162, 'شهداء الشط', NULL, '13.20565400', '32.89493800', '2015-02-24 19:39:07', NULL, 41),
(163, 'محمد محمود بن عثمان', NULL, '13.21157800', '32.89097500', '2015-02-24 19:39:07', NULL, 41),
(164, 'الصديق', NULL, '13.21738900', '32.88718100', '2015-02-24 19:39:07', NULL, 41),
(165, 'الإنتفاضة', NULL, '13.20594500', '32.88737300', '2015-02-24 19:39:07', NULL, 42),
(166, 'ابن النفيس', NULL, '13.19560800', '32.88627500', '2015-02-24 19:39:07', NULL, 42),
(167, 'إبن الهيثم', NULL, '13.21748500', '32.88610200', '2015-02-24 19:39:07', NULL, 41),
(168, 'الخوارزمي', NULL, '13.20466100', '32.88268100', '2015-02-24 19:39:07', NULL, 42),
(169, 'وسعاية ابديري', NULL, '13.21282100', '32.88281200', '2015-02-24 19:39:07', NULL, 42),
(170, 'التقدم', NULL, '13.19897500', '32.88024900', '2015-02-24 19:39:07', NULL, 43),
(171, 'عبد الرحمن الكواكبي', NULL, '13.21325800', '32.87615400', '2015-02-24 19:39:07', NULL, 43),
(172, 'طلائع التقدم', NULL, '13.19510800', '32.87897800', '2015-02-24 19:39:07', NULL, 43),
(173, 'شهيدة الواجب', NULL, '13.20038400', '32.87321900', '2015-02-24 19:39:07', NULL, 43),
(174, 'صلاح الدين', NULL, '13.21182900', '32.87848200', '2015-02-24 19:39:07', NULL, 43),
(175, 'طرابلس الثانوية بنين', NULL, '13.17000800', '32.88494200', '2015-02-24 19:39:07', NULL, 44),
(176, 'المنار', NULL, '13.17752100', '32.87713100', '2015-02-24 19:39:07', NULL, 44),
(177, 'صرخة الحرية', NULL, '13.17101800', '32.87934100', '2015-02-24 19:39:07', NULL, 44),
(178, 'المنصورة', NULL, '13.16584900', '32.87876200', '2015-02-24 19:39:07', NULL, 44),
(179, 'شارع الصريم', NULL, '13.16854400', '32.88323600', '2015-02-24 19:39:07', NULL, 44),
(180, 'علي عبدالله وريث', NULL, '13.18017600', '32.88752500', '2015-02-24 19:39:07', NULL, 45),
(181, 'طرابلس الثانوية للبنات', NULL, '13.18428700', '32.88559900', '2015-02-24 19:39:07', NULL, 46),
(182, '23 يوليو', NULL, '13.18467200', '32.88396500', '2015-02-24 19:39:07', NULL, 46),
(183, 'الهدي الإسلامي', NULL, '13.19118900', '32.87524600', '2015-02-24 19:39:07', NULL, 46),
(184, 'شهداء طريق السور', NULL, '13.18288500', '32.87468200', '2015-02-24 19:39:07', NULL, 47),
(185, 'الصفاء', NULL, '13.19390200', '32.87286800', '2015-02-24 19:39:07', NULL, 47),
(186, 'السراج', NULL, '13.17646600', '32.88009100', '2015-02-24 19:39:07', NULL, 47),
(187, 'جمال عبد الناصر', NULL, '13.18070700', '32.88026900', '2015-02-24 19:39:07', NULL, 48),
(188, 'باب بن غشير', NULL, '13.19320500', '32.86536100', '2015-02-24 19:39:07', NULL, 48),
(189, 'الوحدة العربية', NULL, '13.08015600', '32.85479900', '2015-02-24 19:39:07', NULL, 49),
(190, 'الغد المشرق', NULL, '13.09522200', '32.86178100', '2015-02-24 19:39:07', NULL, 49),
(191, 'النساء الخالدات', NULL, '13.13823300', '32.87132300', '2015-02-24 19:39:07', NULL, 49),
(192, 'حي الأثار', NULL, '13.11470800', '32.86073900', '2015-02-24 19:39:07', NULL, 49),
(193, 'قرطبة', NULL, '13.12537300', '32.86918200', '2015-02-24 19:39:07', NULL, 49),
(194, 'الأندلس الثانوية', NULL, '13.12381100', '32.87241200', '2015-02-24 19:39:07', NULL, 49),
(195, 'غرناطة', NULL, '13.12196300', '32.87310900', '2015-02-24 19:39:07', NULL, 49),
(196, 'فجر السلام', NULL, '13.13856400', '32.87038500', '2015-02-24 19:39:07', NULL, 49),
(197, 'قرقارش الثانوية', NULL, '13.11091700', '32.86502200', '2015-02-24 19:39:07', NULL, 49),
(198, 'موسى بن نصير', NULL, '13.14944300', '32.87575300', '2015-02-24 19:39:07', NULL, 57),
(199, 'شهداء بدر', NULL, '13.15465400', '32.87099400', '2015-02-24 19:39:07', NULL, 57),
(200, 'الاتحاد', NULL, '13.14145800', '32.86129200', '2015-02-24 19:39:07', NULL, 57),
(201, 'شموع العلم', NULL, '13.14277400', '32.86595100', '2015-02-24 19:39:07', NULL, 57),
(202, 'عبد الرحمن الداخل', NULL, '13.12578200', '32.86507500', '2015-02-24 19:39:07', NULL, 57),
(203, 'فتح الفتوح', NULL, '13.14251900', '32.86420200', '2015-02-24 19:39:07', NULL, 57),
(204, 'الدوحة', NULL, '13.12577900', '32.86503300', '2015-02-24 19:39:07', NULL, 57),
(205, 'أم أيمن', NULL, '13.15396600', '32.87144400', '2015-02-24 19:39:07', NULL, 57),
(206, 'تاقرفت', NULL, '13.09747600', '32.84068100', '2015-02-24 19:39:07', NULL, 54),
(207, 'سواعد الوحدة', NULL, '13.08731100', '32.79051300', '2015-02-24 19:39:07', NULL, 54),
(208, 'فتاة العصر', NULL, '13.07885200', '32.84175100', '2015-02-24 19:39:07', NULL, 54),
(209, 'البيروني', NULL, '13.09284200', '32.84629200', '2015-02-24 19:39:07', NULL, 54),
(210, 'راية الحرية', NULL, '13.09437100', '32.85571100', '2015-02-24 19:39:07', NULL, 54),
(211, 'سهى بشارة', NULL, '13.10999900', '32.86087100', '2015-02-24 19:39:07', NULL, 54),
(212, 'القادسية', NULL, '13.08622500', '32.84849100', '2015-02-24 19:39:07', NULL, 54),
(213, 'المنهل', NULL, '13.08129500', '32.80707700', '2015-02-24 19:39:07', NULL, 54),
(214, 'الغدير', NULL, '13.09770600', '32.81712200', '2015-02-24 19:39:07', NULL, 54),
(215, 'جيل المستقبل', NULL, '13.11761100', '32.85747500', '2015-02-24 19:39:07', NULL, 54),
(216, 'الشهيد رمضان السويحلي', NULL, '13.10639100', '32.85762500', '2015-02-24 19:39:07', NULL, 54),
(217, 'النضال', NULL, '13.09552200', '32.85580100', '2015-02-24 19:39:07', NULL, 54),
(218, 'صقور فبراير', NULL, '13.09321700', '32.84980500', '2015-02-24 19:39:07', NULL, 54),
(219, 'عمر المختار', NULL, '13.09295200', '32.84910900', '2015-02-24 19:39:07', NULL, 54),
(220, 'الكرامة', NULL, '13.09408800', '32.85609100', '2015-02-24 19:39:07', NULL, 54),
(221, 'الكفاح', NULL, '13.11018100', '32.85984500', '2015-02-24 19:39:07', NULL, 54),
(222, 'إبن ماجد', NULL, '13.10668100', '32.85648500', '2015-02-24 19:39:07', NULL, 54),
(223, 'بيت المقدس الثانوية', NULL, '13.12714300', '32.85697500', '2015-02-24 19:39:07', NULL, 55),
(224, 'بدرالكبرى', NULL, '13.13124400', '32.85361500', '2015-02-24 19:39:07', NULL, 55),
(225, 'ابو بكر الصديق', NULL, '13.12868500', '32.84813500', '2015-02-24 19:39:07', NULL, 55),
(226, 'ابي ذر الغفاري', NULL, '13.11585600', '32.85047900', '2015-02-24 19:39:07', NULL, 55),
(227, 'الشموخ', NULL, '13.11771700', '32.84280500', '2015-02-24 19:39:07', NULL, 55),
(228, 'شهداء طرابلس', NULL, '13.12549400', '32.84395200', '2015-02-24 19:39:07', NULL, 55),
(229, 'حسان بن ثابت', NULL, '13.13109200', '32.85425500', '2015-02-24 19:39:07', NULL, 55),
(230, 'العهد الجديد', NULL, '13.12641600', '32.85189500', '2015-02-24 19:39:07', NULL, 55),
(231, 'شهداء الواجب', NULL, '13.12663800', '32.84364100', '2015-02-24 19:39:07', NULL, 55),
(232, 'الاستقلال', NULL, '13.12785600', '32.85143500', '2015-02-24 19:39:07', NULL, 55),
(233, 'ذات النطاقين', NULL, '13.17813200', '32.85449300', '2015-02-24 19:39:07', NULL, 55),
(234, 'سالم عبدالنبي', NULL, '13.11747300', '32.84350400', '2015-02-24 19:39:07', NULL, 55),
(235, 'النور', NULL, '13.13618300', '32.85357900', '2015-02-24 19:39:07', NULL, 55),
(236, 'القدس', NULL, '13.12688600', '32.85782600', '2015-02-24 19:39:07', NULL, 55),
(237, 'عمر بن عبدالعزيز', NULL, '13.12950100', '32.84818600', '2015-02-24 19:39:07', NULL, 55),
(238, 'جنزور الثانوية', NULL, '13.01690600', '32.82639200', '2015-02-24 19:39:07', NULL, 56),
(239, 'شهداء بالروين', NULL, '13.01877700', '32.80873800', '2015-02-24 19:39:07', NULL, 56),
(240, 'اليرموك', NULL, '13.00781900', '32.81400600', '2015-02-24 19:39:07', NULL, 56),
(241, 'ذات الصواري', NULL, '13.02175700', '32.82298300', '2015-02-24 19:39:07', NULL, 58),
(242, 'أولاد سويسي', NULL, '13.03395000', '32.82119600', '2015-02-24 19:39:07', NULL, 58),
(243, 'زيد بن حارثة', NULL, '13.05340200', '32.78784400', '2015-02-24 19:39:07', NULL, 58),
(244, 'الفالوجة', NULL, '13.07151500', '32.83458600', '2015-02-24 19:39:07', NULL, 58),
(245, 'بيت الحكمة', NULL, '13.03332700', '32.84221400', '2015-02-24 19:39:07', NULL, 58),
(246, 'التحرير', NULL, '13.04229300', '32.84702200', '2015-02-24 19:39:07', NULL, 58),
(247, 'قار يونس', NULL, '13.03419200', '32.83890300', '2015-02-24 19:39:07', NULL, 58),
(248, 'ثانوية المجد', NULL, '13.04198400', '32.84695100', '2015-02-24 19:39:07', NULL, 58),
(249, 'الغيران الجنوبية', NULL, '13.06183600', '32.81861900', '2015-02-24 19:39:07', NULL, 58),
(250, '17فبراير', NULL, '13.03611400', '32.81919700', '2015-02-24 19:39:07', NULL, 58),
(251, 'ثانوية الحشان', NULL, '12.92364200', '32.76444400', '2015-02-24 19:39:07', NULL, 59),
(252, 'عبدالله بن رواحه', NULL, '12.91917900', '32.75542400', '2015-02-24 19:39:07', NULL, 59),
(253, 'صياد الثانوية', NULL, '12.96249100', '32.81126800', '2015-02-24 19:39:07', NULL, 60),
(254, 'الأصيل', NULL, '12.94340900', '32.80681800', '2015-02-24 19:39:07', NULL, 60),
(255, 'نجلاء الخالدية', NULL, '12.97637700', '32.81570600', '2015-02-24 19:39:07', NULL, 60),
(256, 'السهل الأخضر', NULL, '12.92993900', '32.78363400', '2015-02-24 19:39:07', NULL, 60),
(257, 'فجر عروس البحر', NULL, '12.98907600', '32.81933200', '2015-02-24 19:39:07', NULL, 61),
(258, 'سيدي عبداللطيف', NULL, '12.99153100', '32.82491600', '2015-02-24 19:39:07', NULL, 61),
(259, 'أبطال الحجارة', NULL, '13.00398300', '32.82238600', '2015-02-24 19:39:07', NULL, 61),
(260, 'شهداء جنزور', NULL, '13.00151300', '32.80514700', '2015-02-24 19:39:07', NULL, 62),
(261, 'الوطن العربي', NULL, '12.99866100', '32.79251900', '2015-02-24 19:39:07', NULL, 62),
(262, 'عمار بن ياسر', NULL, '12.98344400', '32.79776400', '2015-02-24 19:39:07', NULL, 62),
(263, 'شمس الحرية', NULL, '12.99195100', '32.81379700', '2015-02-24 19:39:07', NULL, 62),
(264, 'الثورة', NULL, '13.01618300', '32.78609100', '2015-02-24 19:39:07', NULL, 62),
(265, 'شهداء الجمعة الثانوية', NULL, '13.00469100', '32.79963400', '2015-02-24 19:39:07', NULL, 62),
(266, 'نجيلة الثانوية', NULL, '13.00344500', '32.77548100', '2015-02-24 19:39:07', NULL, 63),
(267, 'أحفاد المختار', NULL, '13.00947300', '32.77017100', '2015-02-24 19:39:07', NULL, 63),
(268, 'حي المجاهد', NULL, '13.00367700', '32.77116600', '2015-02-24 19:39:07', NULL, 63),
(269, 'أفريقيا', NULL, '13.07397400', '32.83555100', '2015-02-24 19:39:07', NULL, 64),
(270, 'مدرسة جعفر بن ابي طالب', NULL, '', '', '2015-02-24 19:39:07', NULL, 10),
(271, 'خلوة فطرة', NULL, '', '', '2015-02-24 19:39:07', NULL, 10),
(272, 'شهداء الفرناج', NULL, '13.14092000', '32.51132000', '2015-02-24 19:39:07', NULL, 65);

-- --------------------------------------------------------

--
-- Table structure for table `size`
--

CREATE TABLE IF NOT EXISTS `size` (
  `idsize` int(11) NOT NULL,
  `name` varchar(100) COLLATE utf8_unicode_ci DEFAULT NULL,
  `name_en` varchar(100) COLLATE utf8_unicode_ci DEFAULT NULL,
  `status` tinyint(1) DEFAULT '1',
  `create_time` TIMESTAMP NOT NULL DEFAULT CURRENT_TIMESTAMP,
  `update_time` datetime DEFAULT NULL,
  `measure_idmeasure` int(11) NOT NULL
) ENGINE=InnoDB DEFAULT CHARSET=utf8 COLLATE=utf8_unicode_ci;

-- --------------------------------------------------------

--
-- Table structure for table `tob`
--

CREATE TABLE IF NOT EXISTS `tob` (
  `idtob` int(11) NOT NULL,
  `name` varchar(150) COLLATE utf8_unicode_ci DEFAULT NULL,
  `name_en` varchar(150) COLLATE utf8_unicode_ci DEFAULT NULL,
  `status` tinyint(1) DEFAULT '1',
  `create_time` TIMESTAMP NOT NULL DEFAULT CURRENT_TIMESTAMP,
  `update_time` datetime DEFAULT NULL
) ENGINE=InnoDB DEFAULT CHARSET=utf8 COLLATE=utf8_unicode_ci;

--
-- Indexes for dumped tables
--

--
-- Indexes for table `admin`
--
ALTER TABLE `admin`
  ADD PRIMARY KEY (`idadmin`);

--
-- Indexes for table `area`
--
ALTER TABLE `area`
  ADD PRIMARY KEY (`idarea`,`city_idcity`), ADD KEY `fk_area_city1_idx` (`city_idcity`);

--
-- Indexes for table `city`
--
ALTER TABLE `city`
  ADD PRIMARY KEY (`idcity`);

--
-- Indexes for table `color`
--
ALTER TABLE `color`
  ADD PRIMARY KEY (`idcolor`);

--
-- Indexes for table `company`
--
ALTER TABLE `company`
  ADD PRIMARY KEY (`idcompany`,`admin_idadmin`,`tob_idtob`), ADD KEY `fk_company_admin_idx` (`admin_idadmin`), ADD KEY `fk_company_tob1_idx` (`tob_idtob`);

--
-- Indexes for table `company_address`
--
ALTER TABLE `company_address`
  ADD PRIMARY KEY (`idcompany_address`,`company_idcompany`,`school_idschool`), ADD KEY `fk_company_address_company1_idx` (`company_idcompany`), ADD KEY `fk_company_address_school1_idx` (`school_idschool`);

--
-- Indexes for table `company_seller`
--
ALTER TABLE `company_seller`
  ADD PRIMARY KEY (`idcompany_seller`,`company_idcompany`), ADD KEY `fk_company_seller_company1_idx` (`company_idcompany`);

--
-- Indexes for table `customer`
--
ALTER TABLE `customer`
  ADD PRIMARY KEY (`idcustomer`);

--
-- Indexes for table `customer_address`
--
ALTER TABLE `customer_address`
  ADD PRIMARY KEY (`idcustomer_address`,`customer_idcustomer`,`school_idschool`), ADD KEY `fk_customer_address_customer1_idx` (`customer_idcustomer`), ADD KEY `fk_customer_address_school1_idx` (`school_idschool`);

--
-- Indexes for table `genre`
--
ALTER TABLE `genre`
  ADD PRIMARY KEY (`idgenre`,`tob_idtob`), ADD KEY `fk_genre_tob1_idx` (`tob_idtob`);

--
-- Indexes for table `item`
--
ALTER TABLE `item`
  ADD PRIMARY KEY (`iditem`,`color_idcolor`,`company_seller_idcompany_seller`,`company_seller_company_idcompany`), ADD KEY `fk_item_color1_idx` (`color_idcolor`), ADD KEY `fk_item_company_seller1_idx` (`company_seller_idcompany_seller`,`company_seller_company_idcompany`);

--
-- Indexes for table `item_has_size`
--
ALTER TABLE `item_has_size`
  ADD PRIMARY KEY (`item_iditem`,`size_idsize`,`size_measure_idmeasure`), ADD KEY `fk_item_has_size_size1_idx` (`size_idsize`,`size_measure_idmeasure`), ADD KEY `fk_item_has_size_item1_idx` (`item_iditem`);

--
-- Indexes for table `mahalla`
--
ALTER TABLE `mahalla`
  ADD PRIMARY KEY (`idmahalla`,`area_idarea`), ADD KEY `fk_mahalla_area1_idx` (`area_idarea`);

--
-- Indexes for table `measure`
--
ALTER TABLE `measure`
  ADD PRIMARY KEY (`idmeasure`);

--
-- Indexes for table `school`
--
ALTER TABLE `school`
  ADD PRIMARY KEY (`idschool`,`mahalla_idmahalla`), ADD KEY `fk_school_mahalla1_idx` (`mahalla_idmahalla`);

--
-- Indexes for table `size`
--
ALTER TABLE `size`
  ADD PRIMARY KEY (`idsize`,`measure_idmeasure`), ADD KEY `fk_size_measure1_idx` (`measure_idmeasure`);

--
-- Indexes for table `tob`
--
ALTER TABLE `tob`
  ADD PRIMARY KEY (`idtob`);

--
-- AUTO_INCREMENT for dumped tables
--

--
-- AUTO_INCREMENT for table `admin`
--
ALTER TABLE `admin`
  MODIFY `idadmin` int(11) NOT NULL AUTO_INCREMENT;
--
-- AUTO_INCREMENT for table `area`
--
ALTER TABLE `area`
  MODIFY `idarea` int(11) NOT NULL AUTO_INCREMENT,AUTO_INCREMENT=9;
--
-- AUTO_INCREMENT for table `city`
--
ALTER TABLE `city`
  MODIFY `idcity` int(11) NOT NULL AUTO_INCREMENT,AUTO_INCREMENT=2;
--
-- AUTO_INCREMENT for table `color`
--
ALTER TABLE `color`
  MODIFY `idcolor` int(11) NOT NULL AUTO_INCREMENT;
--
-- AUTO_INCREMENT for table `company`
--
ALTER TABLE `company`
  MODIFY `idcompany` int(11) NOT NULL AUTO_INCREMENT;
--
-- AUTO_INCREMENT for table `company_address`
--
ALTER TABLE `company_address`
  MODIFY `idcompany_address` int(11) NOT NULL AUTO_INCREMENT;
--
-- AUTO_INCREMENT for table `company_seller`
--
ALTER TABLE `company_seller`
  MODIFY `idcompany_seller` int(11) NOT NULL AUTO_INCREMENT;
--
-- AUTO_INCREMENT for table `customer`
--
ALTER TABLE `customer`
  MODIFY `idcustomer` int(11) NOT NULL AUTO_INCREMENT;
--
-- AUTO_INCREMENT for table `customer_address`
--
ALTER TABLE `customer_address`
  MODIFY `idcustomer_address` int(11) NOT NULL AUTO_INCREMENT;
--
-- AUTO_INCREMENT for table `genre`
--
ALTER TABLE `genre`
  MODIFY `idgenre` int(11) NOT NULL AUTO_INCREMENT;
--
-- AUTO_INCREMENT for table `mahalla`
--
ALTER TABLE `mahalla`
  MODIFY `idmahalla` int(11) NOT NULL AUTO_INCREMENT,AUTO_INCREMENT=69;
--
-- AUTO_INCREMENT for table `measure`
--
ALTER TABLE `measure`
  MODIFY `idmeasure` int(11) NOT NULL AUTO_INCREMENT;
--
-- AUTO_INCREMENT for table `school`
--
ALTER TABLE `school`
  MODIFY `idschool` int(11) NOT NULL AUTO_INCREMENT,AUTO_INCREMENT=273;
--
-- AUTO_INCREMENT for table `size`
--
ALTER TABLE `size`
  MODIFY `idsize` int(11) NOT NULL AUTO_INCREMENT;
--
-- AUTO_INCREMENT for table `tob`
--
ALTER TABLE `tob`
  MODIFY `idtob` int(11) NOT NULL AUTO_INCREMENT;
--
-- Constraints for dumped tables
--

--
-- Constraints for table `area`
--
ALTER TABLE `area`
ADD CONSTRAINT `fk_area_city1` FOREIGN KEY (`city_idcity`) REFERENCES `city` (`idcity`) ON DELETE NO ACTION ON UPDATE NO ACTION;

--
-- Constraints for table `company`
--
ALTER TABLE `company`
ADD CONSTRAINT `fk_company_admin` FOREIGN KEY (`admin_idadmin`) REFERENCES `admin` (`idadmin`) ON DELETE NO ACTION ON UPDATE NO ACTION,
ADD CONSTRAINT `fk_company_tob1` FOREIGN KEY (`tob_idtob`) REFERENCES `tob` (`idtob`) ON DELETE NO ACTION ON UPDATE NO ACTION;

--
-- Constraints for table `company_address`
--
ALTER TABLE `company_address`
ADD CONSTRAINT `fk_company_address_company1` FOREIGN KEY (`company_idcompany`) REFERENCES `company` (`idcompany`) ON DELETE NO ACTION ON UPDATE NO ACTION,
ADD CONSTRAINT `fk_company_address_school1` FOREIGN KEY (`school_idschool`) REFERENCES `school` (`idschool`) ON DELETE NO ACTION ON UPDATE NO ACTION;

--
-- Constraints for table `company_seller`
--
ALTER TABLE `company_seller`
ADD CONSTRAINT `fk_company_seller_company1` FOREIGN KEY (`company_idcompany`) REFERENCES `company` (`idcompany`) ON DELETE NO ACTION ON UPDATE NO ACTION;

--
-- Constraints for table `customer_address`
--
ALTER TABLE `customer_address`
ADD CONSTRAINT `fk_customer_address_customer1` FOREIGN KEY (`customer_idcustomer`) REFERENCES `customer` (`idcustomer`) ON DELETE NO ACTION ON UPDATE NO ACTION,
ADD CONSTRAINT `fk_customer_address_school1` FOREIGN KEY (`school_idschool`) REFERENCES `school` (`idschool`) ON DELETE NO ACTION ON UPDATE NO ACTION;

--
-- Constraints for table `genre`
--
ALTER TABLE `genre`
ADD CONSTRAINT `fk_genre_tob1` FOREIGN KEY (`tob_idtob`) REFERENCES `tob` (`idtob`) ON DELETE NO ACTION ON UPDATE NO ACTION;

--
-- Constraints for table `item`
--
ALTER TABLE `item`
ADD CONSTRAINT `fk_item_color1` FOREIGN KEY (`color_idcolor`) REFERENCES `color` (`idcolor`) ON DELETE NO ACTION ON UPDATE NO ACTION,
ADD CONSTRAINT `fk_item_company_seller1` FOREIGN KEY (`company_seller_idcompany_seller`, `company_seller_company_idcompany`) REFERENCES `company_seller` (`idcompany_seller`, `company_idcompany`) ON DELETE NO ACTION ON UPDATE NO ACTION;

--
-- Constraints for table `item_has_size`
--
ALTER TABLE `item_has_size`
ADD CONSTRAINT `fk_item_has_size_item1` FOREIGN KEY (`item_iditem`) REFERENCES `item` (`iditem`) ON DELETE NO ACTION ON UPDATE NO ACTION,
ADD CONSTRAINT `fk_item_has_size_size1` FOREIGN KEY (`size_idsize`, `size_measure_idmeasure`) REFERENCES `size` (`idsize`, `measure_idmeasure`) ON DELETE NO ACTION ON UPDATE NO ACTION;

--
-- Constraints for table `mahalla`
--
ALTER TABLE `mahalla`
ADD CONSTRAINT `fk_mahalla_area1` FOREIGN KEY (`area_idarea`) REFERENCES `area` (`idarea`) ON DELETE NO ACTION ON UPDATE NO ACTION;

--
-- Constraints for table `school`
--
ALTER TABLE `school`
ADD CONSTRAINT `fk_school_mahalla1` FOREIGN KEY (`mahalla_idmahalla`) REFERENCES `mahalla` (`idmahalla`) ON DELETE NO ACTION ON UPDATE NO ACTION;

--
-- Constraints for table `size`
--
ALTER TABLE `size`
ADD CONSTRAINT `fk_size_measure1` FOREIGN KEY (`measure_idmeasure`) REFERENCES `measure` (`idmeasure`) ON DELETE NO ACTION ON UPDATE NO ACTION;

/*!40101 SET CHARACTER_SET_CLIENT=@OLD_CHARACTER_SET_CLIENT */;
/*!40101 SET CHARACTER_SET_RESULTS=@OLD_CHARACTER_SET_RESULTS */;
/*!40101 SET COLLATION_CONNECTION=@OLD_COLLATION_CONNECTION */;
